48,female,adult
49,male,adult
134,female,adult
341,female,adult
342,female,adult
343,female,adult
344,female,adult
345,female,adult
346,female,adult
348,female,adult
351,unisex,adult
353,unisex,adult
354,unisex,kids
674,female,adult
110,male,adult
191,male,adult
192,male,adult
193,male,adult
194,male,adult
195,male,adult
196,male,adult
199,male,adult
200,male,adult
201,male,adult
357,male,adult
358,male,adult
359,male,adult
362,male,adult
470,male,adult
879,male,adult
180,female,adult
181,female,adult
182,female,adult
183,female,adult
184,female,adult
185,female,adult
186,female,adult
188,female,adult
419,female,adult
420,female,adult
421,female,adult
422,female,adult
423,female,adult
424,female,adult
425,female,adult
427,female,adult
637,female,adult
724,female,adult
725,female,adult
726,female,adult
745,female,adult
122,unisex,adult
136,unisex,adult
137,unisex,adult
138,unisex,adult
587,unisex,adult
728,male,adult
729,female,adult
253,male,adult
254,male,adult
255,male,adult
256,male,adult
257,male,adult
391,male,adult
392,male,adult
393,male,adult
458,male,adult
472,male,adult
258,female,adult
259,female,adult
261,female,adult
262,female,adult
263,female,adult
264,female,adult
265,female,adult
394,female,adult
395,female,adult
396,female,adult
397,female,adult
788,female,adult
15,unisex,adult
140,unisex,adult
319,unisex,adult
594,unisex,adult
713,unisex,adult
16,female,adult
38,unisex,adult
402,unisex,adult
434,unisex,adult
435,unisex,adult
436,unisex,adult
438,unisex,adult
572,unisex,adult
573,female,adult
477,male,adult
478,female,adult
479,unisex,kids
480,unisex,adult
592,unisex,adult
300,unisex,na
328,unisex,na
363,unisex,na
399,male,na
400,male,na
401,unisex,na
455,unisex,na
482,unisex,na
483,unisex,na
484,male,na
485,unisex,na
486,unisex,na
487,unisex,na
488,unisex,na
489,unisex,na
490,male,na
491,unisex,na
598,unisex,na
599,female,na
654,unisex,na
657,unisex,na
714,female,na
730,female,na
494,male,kids
495,female,kids
496,unisex,infant
525,male,kids
526,male,kids
527,male,kids
528,male,kids
530,male,kids
532,male,kids
534,male,kids
535,male,kids
538,male,kids
613,male,kids
792,male,kids
803,male,kids
804,male,kids
805,male,kids
806,male,kids
807,male,kids
70,female,kids
540,female,kids
541,female,kids
542,female,kids
543,female,kids
544,female,kids
545,female,kids
548,female,kids
552,female,kids
553,female,kids
555,female,kids
621,female,kids
808,female,kids
809,female,kids
810,female,kids
811,female,kids
812,female,kids
813,female,kids
558,unisex,infant
560,male,infant
564,unisex,infant
565,unisex,infant
566,unisex,infant
567,unisex,infant
569,unisex,infant
609,unisex,infant
610,unisex,infant
611,unisex,infant
612,unisex,infant
795,unisex,infant
796,unisex,infant
797,unisex,infant
798,unisex,infant
799,unisex,infant
800,unisex,infant
801,unisex,infant
802,unisex,infant
11,female,adult
20,unisex,adult
32,unisex,adult
34,unisex,adult
144,male,adult
223,unisex,adult
306,female,adult
588,unisex,adult
589,unisex,adult
739,unisex,adult
740,unisex,adult
741,unisex,adult
742,unisex,adult
743,unisex,adult
602,unisex,adult
604,unisex,adult
644,female,adult
645,male,adult
646,unisex,kids
647,unisex,adult
648,unisex,adult
652,unisex,adult
653,unisex,adult
727,unisex,adult
349,unisex,adult
659,female,adult
660,female,adult
661,female,adult
663,female,adult
664,female,adult
665,female,adult
666,male,adult
667,female,adult
668,female,adult
670,unisex,adult
671,unisex,adult
672,female,adult
673,unisex,kids
176,female,adult
178,female,adult
179,female,adult
187,female,adult
189,female,adult
190,female,adult
416,female,adult
417,female,adult
692,female,adult
69,unisex,toddler
429,unisex,infant
430,unisex,infant
431,unisex,infant
716,unisex,infant
717,unisex,infant
718,unisex,newborn
719,unisex,newborn
815,male,kids
816,male,kids
817,male,kids
819,male,kids
820,male,kids
821,male,kids
822,male,kids
823,male,kids
824,male,kids
825,male,kids
826,male,kids
827,male,kids
828,male,kids
831,female,kids
832,female,kids
833,female,kids
834,female,kids
835,female,kids
836,female,kids
837,female,kids
838,female,kids
839,female,kids
840,female,kids
841,female,kids
842,female,kids
843,female,kids
844,female,kids
845,female,kids
